iso_time,unix_time,temp_C
2026-01-16T12:57:25.710,1768535845,57.3
2026-01-16T12:57:26.210,1768535846,57.3
2026-01-16T12:57:26.710,1768535846,57.3
2026-01-16T12:57:27.210,1768535847,57.85
2026-01-16T12:57:27.710,1768535847,56.75
2026-01-16T12:57:28.210,1768535848,56.75
2026-01-16T12:57:28.710,1768535848,56.2
2026-01-16T12:57:29.210,1768535849,56.75
2026-01-16T12:57:29.710,1768535849,56.75
2026-01-16T12:57:30.210,1768535850,57.85
2026-01-16T12:57:30.711,1768535850,57.3
2026-01-16T12:57:31.211,1768535851,58.4
2026-01-16T12:57:31.711,1768535851,58.95
2026-01-16T12:57:32.211,1768535852,57.3
2026-01-16T12:57:32.711,1768535852,58.4
2026-01-16T12:57:33.211,1768535853,57.3
2026-01-16T12:57:33.711,1768535853,57.3
2026-01-16T12:57:34.211,1768535854,57.3
2026-01-16T12:57:34.711,1768535854,57.85
2026-01-16T12:57:35.211,1768535855,57.85
2026-01-16T12:57:35.711,1768535855,55.65
2026-01-16T12:57:36.212,1768535856,57.3
2026-01-16T12:57:36.712,1768535856,57.85
2026-01-16T12:57:37.212,1768535857,56.2
2026-01-16T12:57:37.712,1768535857,57.3
2026-01-16T12:57:38.212,1768535858,56.75
2026-01-16T12:57:38.712,1768535858,55.65
2026-01-16T12:57:39.212,1768535859,56.2
2026-01-16T12:57:39.712,1768535859,56.2
2026-01-16T12:57:40.212,1768535860,55.65
2026-01-16T12:57:40.712,1768535860,56.2
2026-01-16T12:57:41.212,1768535861,54.55
2026-01-16T12:57:41.713,1768535861,56.2
2026-01-16T12:57:42.213,1768535862,54
2026-01-16T12:57:42.713,1768535862,54
2026-01-16T12:57:43.213,1768535863,56.2
2026-01-16T12:57:43.713,1768535863,57.85
2026-01-16T12:57:44.213,1768535864,58.4
2026-01-16T12:57:44.713,1768535864,57.85
2026-01-16T12:57:45.213,1768535865,58.95
2026-01-16T12:57:45.713,1768535865,57.85
2026-01-16T12:57:46.214,1768535866,57.85
2026-01-16T12:57:46.716,1768535866,61.7
2026-01-16T12:57:47.216,1768535867,63.9
2026-01-16T12:57:47.716,1768535867,64.45
2026-01-16T12:57:48.216,1768535868,63.35
2026-01-16T12:57:48.717,1768535868,64.45
2026-01-16T12:57:49.217,1768535869,64.45
2026-01-16T12:57:49.717,1768535869,64.45
2026-01-16T12:57:50.217,1768535870,65.55
2026-01-16T12:57:50.717,1768535870,66.1
2026-01-16T12:57:51.217,1768535871,65.55
2026-01-16T12:57:51.717,1768535871,66.1
2026-01-16T12:57:52.218,1768535872,66.65
2026-01-16T12:57:52.718,1768535872,66.1
2026-01-16T12:57:53.218,1768535873,65.55
2026-01-16T12:57:53.718,1768535873,66.65
2026-01-16T12:57:54.218,1768535874,66.65
2026-01-16T12:57:54.718,1768535874,67.2
2026-01-16T12:57:55.218,1768535875,65.55
2026-01-16T12:57:55.718,1768535875,66.65
2026-01-16T12:57:56.219,1768535876,68.3
2026-01-16T12:57:56.719,1768535876,67.75
2026-01-16T12:57:57.219,1768535877,66.65
2026-01-16T12:57:57.719,1768535877,67.75
2026-01-16T12:57:58.219,1768535878,67.75
2026-01-16T12:57:58.719,1768535878,66.65
2026-01-16T12:57:59.219,1768535879,68.3
2026-01-16T12:57:59.719,1768535879,66.65
2026-01-16T12:58:00.219,1768535880,68.3
2026-01-16T12:58:00.720,1768535880,68.3
2026-01-16T12:58:01.220,1768535881,68.85
2026-01-16T12:58:01.720,1768535881,67.2
2026-01-16T12:58:02.220,1768535882,66.65
2026-01-16T12:58:02.720,1768535882,68.3
2026-01-16T12:58:03.220,1768535883,68.85
2026-01-16T12:58:03.720,1768535883,67.75
2026-01-16T12:58:04.220,1768535884,66.65
2026-01-16T12:58:04.721,1768535884,68.3
2026-01-16T12:58:05.221,1768535885,67.75
2026-01-16T12:58:05.722,1768535885,67.2
2026-01-16T12:58:06.222,1768535886,68.85
2026-01-16T12:58:06.722,1768535886,68.3
2026-01-16T12:58:07.222,1768535887,68.3
2026-01-16T12:58:07.723,1768535887,68.85
2026-01-16T12:58:08.223,1768535888,68.85
2026-01-16T12:58:08.723,1768535888,68.85
2026-01-16T12:58:09.224,1768535889,68.3
2026-01-16T12:58:09.724,1768535889,68.3
2026-01-16T12:58:10.225,1768535890,68.85
2026-01-16T12:58:10.725,1768535890,69.4
2026-01-16T12:58:11.225,1768535891,69.4
2026-01-16T12:58:11.725,1768535891,69.4
2026-01-16T12:58:12.225,1768535892,67.75
2026-01-16T12:58:12.725,1768535892,68.3
2026-01-16T12:58:13.226,1768535893,69.95
2026-01-16T12:58:13.726,1768535893,68.3
2026-01-16T12:58:14.226,1768535894,69.4
2026-01-16T12:58:14.726,1768535894,69.4
2026-01-16T12:58:15.226,1768535895,69.95
2026-01-16T12:58:15.726,1768535895,68.3
2026-01-16T12:58:16.226,1768535896,68.85
2026-01-16T12:58:16.726,1768535896,69.4
2026-01-16T12:58:17.226,1768535897,69.95
2026-01-16T12:58:17.727,1768535897,68.85
2026-01-16T12:58:18.227,1768535898,69.4
2026-01-16T12:58:18.727,1768535898,69.95
2026-01-16T12:58:19.227,1768535899,68.85
2026-01-16T12:58:19.727,1768535899,68.85
2026-01-16T12:58:20.227,1768535900,69.95
2026-01-16T12:58:20.727,1768535900,68.85
2026-01-16T12:58:21.227,1768535901,69.95
2026-01-16T12:58:21.727,1768535901,68.85
2026-01-16T12:58:22.227,1768535902,69.95
2026-01-16T12:58:22.728,1768535902,68.85
2026-01-16T12:58:23.228,1768535903,68.85
2026-01-16T12:58:23.728,1768535903,70.5
2026-01-16T12:58:24.228,1768535904,69.4
2026-01-16T12:58:24.728,1768535904,69.95
2026-01-16T12:58:25.228,1768535905,70.5
2026-01-16T12:58:25.728,1768535905,68.85
2026-01-16T12:58:26.232,1768535906,70.5
2026-01-16T12:58:26.732,1768535906,70.5
2026-01-16T12:58:27.232,1768535907,69.95
2026-01-16T12:58:27.732,1768535907,69.95
2026-01-16T12:58:28.233,1768535908,69.4
2026-01-16T12:58:28.733,1768535908,70.5
2026-01-16T12:58:29.233,1768535909,70.5
2026-01-16T12:58:29.733,1768535909,70.5
2026-01-16T12:58:30.233,1768535910,68.85
2026-01-16T12:58:30.736,1768535910,71.05
2026-01-16T12:58:31.236,1768535911,69.4
2026-01-16T12:58:31.736,1768535911,69.4
2026-01-16T12:58:32.236,1768535912,70.5
2026-01-16T12:58:32.737,1768535912,70.5
2026-01-16T12:58:33.237,1768535913,69.95
2026-01-16T12:58:33.737,1768535913,71.05
2026-01-16T12:58:34.237,1768535914,69.95
2026-01-16T12:58:34.737,1768535914,71.05
2026-01-16T12:58:35.237,1768535915,71.05
2026-01-16T12:58:35.737,1768535915,69.95
2026-01-16T12:58:36.237,1768535916,69.95
2026-01-16T12:58:36.737,1768535916,71.05
2026-01-16T12:58:37.238,1768535917,70.5
2026-01-16T12:58:37.738,1768535917,71.05
2026-01-16T12:58:38.238,1768535918,69.95
2026-01-16T12:58:38.738,1768535918,70.5
2026-01-16T12:58:39.238,1768535919,69.95
2026-01-16T12:58:39.738,1768535919,71.6
2026-01-16T12:58:40.238,1768535920,69.4
2026-01-16T12:58:40.738,1768535920,71.6
2026-01-16T12:58:41.238,1768535921,71.05
2026-01-16T12:58:41.739,1768535921,71.6
2026-01-16T12:58:42.239,1768535922,71.6
2026-01-16T12:58:42.739,1768535922,71.05
2026-01-16T12:58:43.239,1768535923,71.05
2026-01-16T12:58:43.739,1768535923,71.6
2026-01-16T12:58:44.239,1768535924,72.15
2026-01-16T12:58:44.740,1768535924,71.6
2026-01-16T12:58:45.241,1768535925,71.6
2026-01-16T12:58:45.741,1768535925,70.5
2026-01-16T12:58:46.241,1768535926,71.6
2026-01-16T12:58:46.741,1768535926,71.6
2026-01-16T12:58:47.241,1768535927,71.05
2026-01-16T12:58:47.741,1768535927,70.5
2026-01-16T12:58:48.241,1768535928,71.05
2026-01-16T12:58:48.742,1768535928,71.6
2026-01-16T12:58:49.242,1768535929,69.95
2026-01-16T12:58:49.743,1768535929,71.05
2026-01-16T12:58:50.244,1768535930,71.6
2026-01-16T12:58:50.744,1768535930,70.5
2026-01-16T12:58:51.244,1768535931,69.95
2026-01-16T12:58:51.749,1768535931,71.6
2026-01-16T12:58:52.249,1768535932,72.15
2026-01-16T12:58:52.749,1768535932,72.15
2026-01-16T12:58:53.249,1768535933,71.05
2026-01-16T12:58:53.749,1768535933,72.15
2026-01-16T12:58:54.249,1768535934,72.7
2026-01-16T12:58:54.749,1768535934,71.05
2026-01-16T12:58:55.249,1768535935,72.15
2026-01-16T12:58:55.750,1768535935,71.05
2026-01-16T12:58:56.250,1768535936,71.6
2026-01-16T12:58:56.750,1768535936,72.7
2026-01-16T12:58:57.250,1768535937,72.7
2026-01-16T12:58:57.750,1768535937,72.7
2026-01-16T12:58:58.250,1768535938,72.15
2026-01-16T12:58:58.750,1768535938,72.7
2026-01-16T12:58:59.250,1768535939,72.15
2026-01-16T12:58:59.750,1768535939,71.6
2026-01-16T12:59:00.250,1768535940,72.7
2026-01-16T12:59:00.751,1768535940,72.7
2026-01-16T12:59:01.251,1768535941,72.15
2026-01-16T12:59:01.751,1768535941,72.7
2026-01-16T12:59:02.251,1768535942,72.15
2026-01-16T12:59:02.751,1768535942,72.7
2026-01-16T12:59:03.251,1768535943,72.7
2026-01-16T12:59:03.751,1768535943,72.15
2026-01-16T12:59:04.251,1768535944,72.15
2026-01-16T12:59:04.751,1768535944,72.7
2026-01-16T12:59:05.256,1768535945,72.15
2026-01-16T12:59:05.756,1768535945,72.7
2026-01-16T12:59:06.256,1768535946,71.6
2026-01-16T12:59:06.756,1768535946,72.7
2026-01-16T12:59:07.257,1768535947,71.6
2026-01-16T12:59:07.757,1768535947,73.25
2026-01-16T12:59:08.257,1768535948,71.6
2026-01-16T12:59:08.757,1768535948,71.6
2026-01-16T12:59:09.257,1768535949,72.15
2026-01-16T12:59:09.757,1768535949,73.25
2026-01-16T12:59:10.257,1768535950,72.7
2026-01-16T12:59:10.757,1768535950,72.7
2026-01-16T12:59:11.260,1768535951,72.15
2026-01-16T12:59:11.760,1768535951,72.15
2026-01-16T12:59:12.260,1768535952,73.25
2026-01-16T12:59:12.760,1768535952,72.15
2026-01-16T12:59:13.261,1768535953,72.7
2026-01-16T12:59:13.761,1768535953,73.8
2026-01-16T12:59:14.261,1768535954,71.6
2026-01-16T12:59:14.761,1768535954,73.25
2026-01-16T12:59:15.261,1768535955,72.7
2026-01-16T12:59:15.761,1768535955,73.8
2026-01-16T12:59:16.261,1768535956,72.15
2026-01-16T12:59:16.761,1768535956,73.8
2026-01-16T12:59:17.262,1768535957,73.25
2026-01-16T12:59:17.762,1768535957,73.8
2026-01-16T12:59:18.262,1768535958,73.25
2026-01-16T12:59:18.762,1768535958,72.7
2026-01-16T12:59:19.262,1768535959,72.7
2026-01-16T12:59:19.762,1768535959,73.25
2026-01-16T12:59:20.262,1768535960,73.8
2026-01-16T12:59:20.762,1768535960,72.7
2026-01-16T12:59:21.262,1768535961,72.15
2026-01-16T12:59:21.762,1768535961,72.15
2026-01-16T12:59:22.263,1768535962,73.8
2026-01-16T12:59:22.763,1768535962,73.25
2026-01-16T12:59:23.263,1768535963,71.6
2026-01-16T12:59:23.763,1768535963,73.8
2026-01-16T12:59:24.263,1768535964,73.25
2026-01-16T12:59:24.763,1768535964,73.8
2026-01-16T12:59:25.263,1768535965,73.25
2026-01-16T12:59:25.763,1768535965,73.25
2026-01-16T12:59:26.264,1768535966,72.7
2026-01-16T12:59:26.764,1768535966,72.7
2026-01-16T12:59:27.264,1768535967,72.15
2026-01-16T12:59:27.765,1768535967,72.7
2026-01-16T12:59:28.265,1768535968,73.25
2026-01-16T12:59:28.765,1768535968,74.35
2026-01-16T12:59:29.265,1768535969,73.25
2026-01-16T12:59:29.765,1768535969,72.7
2026-01-16T12:59:30.265,1768535970,72.7
2026-01-16T12:59:30.765,1768535970,74.35
2026-01-16T12:59:31.266,1768535971,72.15
2026-01-16T12:59:31.766,1768535971,73.8
2026-01-16T12:59:32.266,1768535972,72.7
2026-01-16T12:59:32.767,1768535972,73.8
2026-01-16T12:59:33.267,1768535973,73.8
2026-01-16T12:59:33.767,1768535973,73.25
2026-01-16T12:59:34.268,1768535974,74.35
2026-01-16T12:59:34.768,1768535974,73.8
2026-01-16T12:59:35.268,1768535975,73.8
2026-01-16T12:59:35.768,1768535975,73.25
2026-01-16T12:59:36.268,1768535976,73.25
2026-01-16T12:59:36.768,1768535976,74.35
2026-01-16T12:59:37.268,1768535977,73.8
2026-01-16T12:59:37.768,1768535977,73.8
2026-01-16T12:59:38.268,1768535978,72.7
2026-01-16T12:59:38.769,1768535978,74.35
2026-01-16T12:59:39.269,1768535979,74.35
2026-01-16T12:59:39.769,1768535979,74.35
2026-01-16T12:59:40.269,1768535980,74.35
2026-01-16T12:59:40.769,1768535980,73.25
2026-01-16T12:59:41.269,1768535981,74.9
2026-01-16T12:59:41.769,1768535981,74.9
2026-01-16T12:59:42.269,1768535982,73.8
2026-01-16T12:59:42.769,1768535982,74.35
2026-01-16T12:59:43.269,1768535983,74.35
2026-01-16T12:59:43.770,1768535983,73.25
2026-01-16T12:59:44.270,1768535984,74.35
2026-01-16T12:59:44.770,1768535984,74.35
2026-01-16T12:59:45.270,1768535985,74.9
2026-01-16T12:59:45.770,1768535985,73.8
2026-01-16T12:59:46.270,1768535986,73.25
2026-01-16T12:59:46.770,1768535986,73.8
2026-01-16T12:59:47.276,1768535987,74.35
2026-01-16T12:59:47.780,1768535987,74.35
2026-01-16T12:59:48.280,1768535988,72.7
2026-01-16T12:59:48.780,1768535988,73.25
2026-01-16T12:59:49.280,1768535989,74.9
2026-01-16T12:59:49.781,1768535989,73.8
2026-01-16T12:59:50.281,1768535990,74.35
2026-01-16T12:59:50.781,1768535990,74.9
2026-01-16T12:59:51.284,1768535991,73.25
2026-01-16T12:59:51.784,1768535991,73.8
2026-01-16T12:59:52.284,1768535992,74.9
2026-01-16T12:59:52.784,1768535992,73.25
2026-01-16T12:59:53.285,1768535993,73.8
2026-01-16T12:59:53.785,1768535993,74.35
2026-01-16T12:59:54.285,1768535994,74.9
2026-01-16T12:59:54.785,1768535994,74.35
2026-01-16T12:59:55.285,1768535995,73.8
2026-01-16T12:59:55.785,1768535995,74.9
2026-01-16T12:59:56.285,1768535996,74.9
2026-01-16T12:59:56.785,1768535996,73.8
2026-01-16T12:59:57.286,1768535997,74.35
2026-01-16T12:59:57.786,1768535997,73.8
2026-01-16T12:59:58.286,1768535998,74.9
2026-01-16T12:59:58.786,1768535998,74.35
2026-01-16T12:59:59.286,1768535999,74.9
2026-01-16T12:59:59.786,1768535999,74.9
2026-01-16T13:00:00.286,1768536000,73.25
2026-01-16T13:00:00.786,1768536000,73.8
2026-01-16T13:00:01.286,1768536001,74.9
2026-01-16T13:00:01.786,1768536001,73.8
2026-01-16T13:00:02.287,1768536002,74.35
2026-01-16T13:00:02.787,1768536002,73.8
2026-01-16T13:00:03.287,1768536003,74.9
2026-01-16T13:00:03.787,1768536003,75.45
2026-01-16T13:00:04.287,1768536004,74.9
2026-01-16T13:00:04.787,1768536004,73.8
2026-01-16T13:00:05.287,1768536005,73.8
2026-01-16T13:00:05.788,1768536005,73.8
2026-01-16T13:00:06.288,1768536006,74.9
2026-01-16T13:00:06.788,1768536006,73.25
2026-01-16T13:00:07.288,1768536007,73.8
2026-01-16T13:00:07.789,1768536007,74.35
2026-01-16T13:00:08.289,1768536008,74.35
2026-01-16T13:00:08.789,1768536008,74.35
2026-01-16T13:00:09.290,1768536009,74.35
2026-01-16T13:00:09.790,1768536009,74.9
2026-01-16T13:00:10.290,1768536010,74.35
2026-01-16T13:00:10.790,1768536010,74.9
2026-01-16T13:00:11.290,1768536011,73.8
2026-01-16T13:00:11.790,1768536011,76
2026-01-16T13:00:12.290,1768536012,74.9
2026-01-16T13:00:12.791,1768536012,74.9
2026-01-16T13:00:13.291,1768536013,74.35
2026-01-16T13:00:13.791,1768536013,73.25
2026-01-16T13:00:14.291,1768536014,73.25
2026-01-16T13:00:14.791,1768536014,75.45
2026-01-16T13:00:15.291,1768536015,74.9
2026-01-16T13:00:15.791,1768536015,73.25
2026-01-16T13:00:16.291,1768536016,74.35
2026-01-16T13:00:16.792,1768536016,74.9
2026-01-16T13:00:17.292,1768536017,73.8
2026-01-16T13:00:17.792,1768536017,74.9
2026-01-16T13:00:18.292,1768536018,74.9
2026-01-16T13:00:18.792,1768536018,73.8
2026-01-16T13:00:19.292,1768536019,74.9
2026-01-16T13:00:19.792,1768536019,73.8
2026-01-16T13:00:20.292,1768536020,75.45
2026-01-16T13:00:20.792,1768536020,76
2026-01-16T13:00:21.293,1768536021,74.35
2026-01-16T13:00:21.793,1768536021,75.45
2026-01-16T13:00:22.293,1768536022,74.9
2026-01-16T13:00:22.793,1768536022,75.45
2026-01-16T13:00:23.293,1768536023,74.9
2026-01-16T13:00:23.793,1768536023,74.9
2026-01-16T13:00:24.293,1768536024,74.9
2026-01-16T13:00:24.793,1768536024,73.8
2026-01-16T13:00:25.296,1768536025,74.35
2026-01-16T13:00:25.796,1768536025,73.8
2026-01-16T13:00:26.296,1768536026,73.8
2026-01-16T13:00:26.796,1768536026,73.8
2026-01-16T13:00:27.297,1768536027,74.9
2026-01-16T13:00:27.797,1768536027,74.35
2026-01-16T13:00:28.297,1768536028,75.45
2026-01-16T13:00:28.797,1768536028,74.9
2026-01-16T13:00:29.297,1768536029,74.9
2026-01-16T13:00:29.797,1768536029,73.8
2026-01-16T13:00:30.297,1768536030,74.9
2026-01-16T13:00:30.800,1768536030,76
2026-01-16T13:00:31.300,1768536031,75.45
2026-01-16T13:00:31.800,1768536031,73.8
2026-01-16T13:00:32.300,1768536032,75.45
2026-01-16T13:00:32.801,1768536032,75.45
2026-01-16T13:00:33.301,1768536033,73.8
2026-01-16T13:00:33.801,1768536033,74.9
2026-01-16T13:00:34.304,1768536034,75.45
2026-01-16T13:00:34.804,1768536034,74.9
2026-01-16T13:00:35.304,1768536035,74.9
2026-01-16T13:00:35.804,1768536035,74.9
2026-01-16T13:00:36.305,1768536036,73.8
2026-01-16T13:00:36.808,1768536036,74.35
2026-01-16T13:00:37.308,1768536037,74.35
2026-01-16T13:00:37.808,1768536037,74.9
2026-01-16T13:00:38.308,1768536038,74.9
2026-01-16T13:00:38.808,1768536038,73.8
2026-01-16T13:00:39.309,1768536039,74.35
2026-01-16T13:00:39.809,1768536039,74.35
2026-01-16T13:00:40.309,1768536040,75.45
2026-01-16T13:00:40.809,1768536040,74.9
2026-01-16T13:00:41.309,1768536041,73.8
2026-01-16T13:00:41.809,1768536041,74.9
2026-01-16T13:00:42.309,1768536042,73.8
2026-01-16T13:00:42.809,1768536042,75.45
2026-01-16T13:00:43.309,1768536043,74.35
2026-01-16T13:00:43.809,1768536043,73.25
2026-01-16T13:00:44.310,1768536044,75.45
2026-01-16T13:00:44.810,1768536044,75.45
2026-01-16T13:00:45.310,1768536045,74.9
2026-01-16T13:00:45.810,1768536045,76
2026-01-16T13:00:46.310,1768536046,74.9
2026-01-16T13:00:46.810,1768536046,73.8
2026-01-16T13:00:47.310,1768536047,74.9
2026-01-16T13:00:47.811,1768536047,74.9
2026-01-16T13:00:48.311,1768536048,75.45
2026-01-16T13:00:48.811,1768536048,73.8
2026-01-16T13:00:49.311,1768536049,74.35
2026-01-16T13:00:49.811,1768536049,74.9
2026-01-16T13:00:50.311,1768536050,73.8
2026-01-16T13:00:50.811,1768536050,76
2026-01-16T13:00:51.312,1768536051,74.9
2026-01-16T13:00:51.812,1768536051,75.45
2026-01-16T13:00:52.312,1768536052,74.9
2026-01-16T13:00:52.812,1768536052,74.35
2026-01-16T13:00:53.312,1768536053,74.9
2026-01-16T13:00:53.812,1768536053,75.45
2026-01-16T13:00:54.312,1768536054,73.8
2026-01-16T13:00:54.813,1768536054,74.9
2026-01-16T13:00:55.313,1768536055,74.9
2026-01-16T13:00:55.813,1768536055,75.45
2026-01-16T13:00:56.313,1768536056,74.35
2026-01-16T13:00:56.813,1768536056,73.25
2026-01-16T13:00:57.313,1768536057,76
2026-01-16T13:00:57.813,1768536057,75.45
2026-01-16T13:00:58.313,1768536058,74.35
2026-01-16T13:00:58.814,1768536058,75.45
2026-01-16T13:00:59.314,1768536059,75.45
2026-01-16T13:00:59.814,1768536059,74.9
2026-01-16T13:01:00.314,1768536060,73.8
2026-01-16T13:01:00.814,1768536060,76
2026-01-16T13:01:01.314,1768536061,73.8
2026-01-16T13:01:01.814,1768536061,75.45
2026-01-16T13:01:02.314,1768536062,75.45
2026-01-16T13:01:02.814,1768536062,74.9
2026-01-16T13:01:03.314,1768536063,76
2026-01-16T13:01:03.815,1768536063,74.9
2026-01-16T13:01:04.315,1768536064,75.45
2026-01-16T13:01:04.815,1768536064,74.9
2026-01-16T13:01:05.315,1768536065,74.9
2026-01-16T13:01:05.815,1768536065,73.8
2026-01-16T13:01:06.315,1768536066,73.8
2026-01-16T13:01:06.815,1768536066,75.45
2026-01-16T13:01:07.315,1768536067,74.9
2026-01-16T13:01:07.816,1768536067,74.35
2026-01-16T13:01:08.316,1768536068,76
2026-01-16T13:01:08.816,1768536068,76
2026-01-16T13:01:09.316,1768536069,74.35
2026-01-16T13:01:09.816,1768536069,75.45
2026-01-16T13:01:10.316,1768536070,74.35
2026-01-16T13:01:10.817,1768536070,74.35
2026-01-16T13:01:11.317,1768536071,74.35
2026-01-16T13:01:11.817,1768536071,74.9
2026-01-16T13:01:12.320,1768536072,75.45
2026-01-16T13:01:12.820,1768536072,73.25
2026-01-16T13:01:13.320,1768536073,73.8
2026-01-16T13:01:13.820,1768536073,75.45
2026-01-16T13:01:14.321,1768536074,74.9
2026-01-16T13:01:14.821,1768536074,73.8
2026-01-16T13:01:15.321,1768536075,75.45
2026-01-16T13:01:15.821,1768536075,75.45
2026-01-16T13:01:16.321,1768536076,75.45
2026-01-16T13:01:16.821,1768536076,74.9
2026-01-16T13:01:17.321,1768536077,76
2026-01-16T13:01:17.821,1768536077,74.9
2026-01-16T13:01:18.322,1768536078,75.45
2026-01-16T13:01:18.822,1768536078,75.45
2026-01-16T13:01:19.322,1768536079,74.9
2026-01-16T13:01:19.822,1768536079,74.9
2026-01-16T13:01:20.322,1768536080,75.45
2026-01-16T13:01:20.822,1768536080,75.45
2026-01-16T13:01:21.322,1768536081,76
2026-01-16T13:01:21.822,1768536081,75.45
2026-01-16T13:01:22.322,1768536082,74.9
2026-01-16T13:01:22.823,1768536082,76
2026-01-16T13:01:23.323,1768536083,74.9
2026-01-16T13:01:23.823,1768536083,74.9
2026-01-16T13:01:24.323,1768536084,73.8
2026-01-16T13:01:24.823,1768536084,74.35
2026-01-16T13:01:25.323,1768536085,76
2026-01-16T13:01:25.823,1768536085,75.45
2026-01-16T13:01:26.323,1768536086,74.35
2026-01-16T13:01:26.823,1768536086,75.45
2026-01-16T13:01:27.324,1768536087,75.45
2026-01-16T13:01:27.824,1768536087,73.8
2026-01-16T13:01:28.324,1768536088,76
2026-01-16T13:01:28.835,1768536088,74.9
2026-01-16T13:01:29.335,1768536089,74.9
2026-01-16T13:01:29.835,1768536089,75.45
2026-01-16T13:01:30.336,1768536090,74.9
2026-01-16T13:01:30.836,1768536090,76
2026-01-16T13:01:31.336,1768536091,75.45
2026-01-16T13:01:31.836,1768536091,75.45
2026-01-16T13:01:32.336,1768536092,76.55
2026-01-16T13:01:32.836,1768536092,75.45
2026-01-16T13:01:33.336,1768536093,73.8
2026-01-16T13:01:33.846,1768536093,74.35
2026-01-16T13:01:34.346,1768536094,76
2026-01-16T13:01:34.846,1768536094,74.35
2026-01-16T13:01:35.346,1768536095,75.45
2026-01-16T13:01:35.847,1768536095,75.45
2026-01-16T13:01:36.347,1768536096,76
2026-01-16T13:01:36.847,1768536096,76
2026-01-16T13:01:37.347,1768536097,76
2026-01-16T13:01:37.847,1768536097,75.45
2026-01-16T13:01:38.347,1768536098,74.9
2026-01-16T13:01:38.856,1768536098,76
2026-01-16T13:01:39.356,1768536099,74.9
2026-01-16T13:01:39.856,1768536099,76
2026-01-16T13:01:40.356,1768536100,74.35
2026-01-16T13:01:40.856,1768536100,76
2026-01-16T13:01:41.356,1768536101,75.45
2026-01-16T13:01:41.856,1768536101,74.9
2026-01-16T13:01:42.356,1768536102,74.35
2026-01-16T13:01:42.856,1768536102,75.45
2026-01-16T13:01:43.357,1768536103,74.9
2026-01-16T13:01:43.857,1768536103,75.45
2026-01-16T13:01:44.357,1768536104,75.45
2026-01-16T13:01:44.857,1768536104,74.35
2026-01-16T13:01:45.357,1768536105,75.45
2026-01-16T13:01:45.857,1768536105,74.35
2026-01-16T13:01:46.357,1768536106,74.9
2026-01-16T13:01:46.857,1768536106,75.45
2026-01-16T13:01:47.358,1768536107,75.45
2026-01-16T13:01:47.858,1768536107,76.55
2026-01-16T13:01:48.358,1768536108,75.45
2026-01-16T13:01:48.858,1768536108,73.8
2026-01-16T13:01:49.358,1768536109,76
2026-01-16T13:01:49.858,1768536109,74.9
2026-01-16T13:01:50.358,1768536110,74.35
2026-01-16T13:01:50.859,1768536110,75.45
2026-01-16T13:01:51.359,1768536111,74.9
2026-01-16T13:01:51.859,1768536111,74.35
2026-01-16T13:01:52.359,1768536112,75.45
2026-01-16T13:01:52.859,1768536112,75.45
2026-01-16T13:01:53.359,1768536113,75.45
2026-01-16T13:01:53.859,1768536113,74.9
2026-01-16T13:01:54.359,1768536114,75.45
2026-01-16T13:01:54.860,1768536114,75.45
2026-01-16T13:01:55.360,1768536115,76
2026-01-16T13:01:55.860,1768536115,75.45
2026-01-16T13:01:56.360,1768536116,73.8
2026-01-16T13:01:56.860,1768536116,75.45
2026-01-16T13:01:57.360,1768536117,74.9
2026-01-16T13:01:57.860,1768536117,74.35
2026-01-16T13:01:58.361,1768536118,75.45
2026-01-16T13:01:58.861,1768536118,74.35
2026-01-16T13:01:59.361,1768536119,76
2026-01-16T13:01:59.861,1768536119,74.35
2026-01-16T13:02:00.361,1768536120,75.45
2026-01-16T13:02:00.861,1768536120,75.45
2026-01-16T13:02:01.361,1768536121,75.45
2026-01-16T13:02:01.861,1768536121,75.45
2026-01-16T13:02:02.362,1768536122,74.9
2026-01-16T13:02:02.862,1768536122,76
2026-01-16T13:02:03.362,1768536123,75.45
2026-01-16T13:02:03.862,1768536123,76
2026-01-16T13:02:04.362,1768536124,74.35
2026-01-16T13:02:04.864,1768536124,76
2026-01-16T13:02:05.364,1768536125,76
2026-01-16T13:02:05.864,1768536125,74.9
2026-01-16T13:02:06.364,1768536126,75.45
2026-01-16T13:02:06.864,1768536126,74.9
2026-01-16T13:02:07.365,1768536127,76
2026-01-16T13:02:07.865,1768536127,74.9
2026-01-16T13:02:08.365,1768536128,75.45
2026-01-16T13:02:08.865,1768536128,76
2026-01-16T13:02:09.365,1768536129,76
2026-01-16T13:02:09.865,1768536129,76
2026-01-16T13:02:10.365,1768536130,75.45
2026-01-16T13:02:10.866,1768536130,76
2026-01-16T13:02:11.368,1768536131,76
2026-01-16T13:02:11.868,1768536131,76
2026-01-16T13:02:12.368,1768536132,76
2026-01-16T13:02:12.868,1768536132,75.45
2026-01-16T13:02:13.369,1768536133,76
2026-01-16T13:02:13.869,1768536133,76
2026-01-16T13:02:14.369,1768536134,76
2026-01-16T13:02:14.869,1768536134,74.9
2026-01-16T13:02:15.369,1768536135,76
2026-01-16T13:02:15.869,1768536135,76
2026-01-16T13:02:16.369,1768536136,75.45
2026-01-16T13:02:16.869,1768536136,77.1
2026-01-16T13:02:17.370,1768536137,75.45
2026-01-16T13:02:17.870,1768536137,74.9
2026-01-16T13:02:18.370,1768536138,75.45
2026-01-16T13:02:18.870,1768536138,74.35
2026-01-16T13:02:19.370,1768536139,76.55
2026-01-16T13:02:19.870,1768536139,76
2026-01-16T13:02:20.370,1768536140,76.55
2026-01-16T13:02:20.870,1768536140,76.55
2026-01-16T13:02:21.370,1768536141,74.9
2026-01-16T13:02:21.870,1768536141,74.9
2026-01-16T13:02:22.371,1768536142,76
2026-01-16T13:02:22.871,1768536142,73.8
2026-01-16T13:02:23.371,1768536143,75.45
2026-01-16T13:02:23.871,1768536143,74.35
2026-01-16T13:02:24.371,1768536144,76
2026-01-16T13:02:24.871,1768536144,76
2026-01-16T13:02:25.371,1768536145,74.9
2026-01-16T13:02:25.871,1768536145,75.45
2026-01-16T13:02:26.371,1768536146,75.45
2026-01-16T13:02:26.872,1768536146,74.9
2026-01-16T13:02:27.372,1768536147,75.45
2026-01-16T13:02:27.872,1768536147,75.45
2026-01-16T13:02:28.372,1768536148,76
2026-01-16T13:02:28.872,1768536148,75.45
2026-01-16T13:02:29.372,1768536149,76.55
2026-01-16T13:02:29.872,1768536149,76.55
2026-01-16T13:02:30.372,1768536150,75.45
2026-01-16T13:02:30.873,1768536150,76.55
2026-01-16T13:02:31.373,1768536151,75.45
2026-01-16T13:02:31.873,1768536151,76
2026-01-16T13:02:32.373,1768536152,74.35
2026-01-16T13:02:32.873,1768536152,76.55
2026-01-16T13:02:33.435,1768536153,75.45
2026-01-16T13:02:33.935,1768536153,74.9
2026-01-16T13:02:34.435,1768536154,74.9
2026-01-16T13:02:34.935,1768536154,76.55
2026-01-16T13:02:35.436,1768536155,75.45
2026-01-16T13:02:35.936,1768536155,74.35
2026-01-16T13:02:36.436,1768536156,76
2026-01-16T13:02:36.936,1768536156,77.1
2026-01-16T13:02:37.436,1768536157,74.9
2026-01-16T13:02:37.936,1768536157,76
2026-01-16T13:02:38.467,1768536158,75.45
2026-01-16T13:02:38.967,1768536158,74.35
2026-01-16T13:02:39.467,1768536159,74.9
2026-01-16T13:02:39.967,1768536159,74.9
2026-01-16T13:02:40.467,1768536160,76
2026-01-16T13:02:40.967,1768536160,74.35
2026-01-16T13:02:41.467,1768536161,76.55
2026-01-16T13:02:41.968,1768536161,76.55
2026-01-16T13:02:42.468,1768536162,76
2026-01-16T13:02:42.968,1768536162,76.55
2026-01-16T13:02:43.497,1768536163,77.1
2026-01-16T13:02:43.997,1768536163,74.9
2026-01-16T13:02:44.497,1768536164,76
2026-01-16T13:02:44.997,1768536164,75.45
2026-01-16T13:02:45.497,1768536165,76.55
2026-01-16T13:02:45.997,1768536165,76.55
2026-01-16T13:02:46.497,1768536166,76.55
2026-01-16T13:02:46.997,1768536166,76.55
2026-01-16T13:02:47.497,1768536167,76.55
2026-01-16T13:02:47.998,1768536167,76.55
2026-01-16T13:02:48.520,1768536168,74.9
2026-01-16T13:02:49.020,1768536169,76
2026-01-16T13:02:49.520,1768536169,76.55
2026-01-16T13:02:50.020,1768536170,74.9
2026-01-16T13:02:50.520,1768536170,74.9
2026-01-16T13:02:51.020,1768536171,74.9
2026-01-16T13:02:51.520,1768536171,76
2026-01-16T13:02:52.021,1768536172,76.55
2026-01-16T13:02:52.521,1768536172,76
2026-01-16T13:02:53.021,1768536173,76
2026-01-16T13:02:53.542,1768536173,76.55
2026-01-16T13:02:54.042,1768536174,75.45
2026-01-16T13:02:54.542,1768536174,77.1
2026-01-16T13:02:55.043,1768536175,76.55
2026-01-16T13:02:55.543,1768536175,75.45
2026-01-16T13:02:56.043,1768536176,76.55
2026-01-16T13:02:56.543,1768536176,76.55
2026-01-16T13:02:57.043,1768536177,76.55
2026-01-16T13:02:57.543,1768536177,74.9
2026-01-16T13:02:58.043,1768536178,76
2026-01-16T13:02:58.568,1768536178,76.55
2026-01-16T13:02:59.068,1768536179,76.55
2026-01-16T13:02:59.568,1768536179,76.55
2026-01-16T13:03:00.068,1768536180,75.45
2026-01-16T13:03:00.568,1768536180,74.9
2026-01-16T13:03:01.068,1768536181,76.55
2026-01-16T13:03:01.568,1768536181,76
2026-01-16T13:03:02.068,1768536182,76
2026-01-16T13:03:02.569,1768536182,76.55
2026-01-16T13:03:03.069,1768536183,76.55
2026-01-16T13:03:03.595,1768536183,76.55
2026-01-16T13:03:04.095,1768536184,76.55
2026-01-16T13:03:04.596,1768536184,75.45
2026-01-16T13:03:05.096,1768536185,75.45
2026-01-16T13:03:05.596,1768536185,76.55
2026-01-16T13:03:06.096,1768536186,77.1
2026-01-16T13:03:06.596,1768536186,76.55
2026-01-16T13:03:07.096,1768536187,76.55
2026-01-16T13:03:07.596,1768536187,76.55
2026-01-16T13:03:08.096,1768536188,75.45
2026-01-16T13:03:08.597,1768536188,75.45
2026-01-16T13:03:09.097,1768536189,75.45
2026-01-16T13:03:09.597,1768536189,76.55
2026-01-16T13:03:10.097,1768536190,76
2026-01-16T13:03:10.597,1768536190,76.55
2026-01-16T13:03:11.097,1768536191,75.45
2026-01-16T13:03:11.597,1768536191,75.45
2026-01-16T13:03:12.098,1768536192,76
2026-01-16T13:03:12.598,1768536192,76.55
2026-01-16T13:03:13.098,1768536193,76.55
2026-01-16T13:03:13.598,1768536193,76.55
2026-01-16T13:03:14.098,1768536194,74.9
2026-01-16T13:03:14.598,1768536194,75.45
2026-01-16T13:03:15.098,1768536195,76.55
2026-01-16T13:03:15.599,1768536195,76.55
2026-01-16T13:03:16.099,1768536196,75.45
2026-01-16T13:03:16.599,1768536196,75.45
2026-01-16T13:03:17.099,1768536197,77.1
2026-01-16T13:03:17.599,1768536197,76
2026-01-16T13:03:18.099,1768536198,76.55
2026-01-16T13:03:18.599,1768536198,75.45
2026-01-16T13:03:19.099,1768536199,76.55
2026-01-16T13:03:19.600,1768536199,76.55
2026-01-16T13:03:20.100,1768536200,76.55
2026-01-16T13:03:20.600,1768536200,76.55
2026-01-16T13:03:21.100,1768536201,77.1
2026-01-16T13:03:21.600,1768536201,75.45
2026-01-16T13:03:22.100,1768536202,76.55
2026-01-16T13:03:22.600,1768536202,77.1
2026-01-16T13:03:23.100,1768536203,77.1
2026-01-16T13:03:23.600,1768536203,75.45
2026-01-16T13:03:24.101,1768536204,76.55
2026-01-16T13:03:24.601,1768536204,76.55
2026-01-16T13:03:25.101,1768536205,77.1
2026-01-16T13:03:25.601,1768536205,75.45
2026-01-16T13:03:26.101,1768536206,76.55
2026-01-16T13:03:26.601,1768536206,76.55
2026-01-16T13:03:27.101,1768536207,77.1
2026-01-16T13:03:27.601,1768536207,75.45
2026-01-16T13:03:28.102,1768536208,76.55
2026-01-16T13:03:28.604,1768536208,75.45
2026-01-16T13:03:29.104,1768536209,76.55
2026-01-16T13:03:29.604,1768536209,75.45
2026-01-16T13:03:30.104,1768536210,75.45
2026-01-16T13:03:30.605,1768536210,76
2026-01-16T13:03:31.105,1768536211,76.55
2026-01-16T13:03:31.605,1768536211,76.55
2026-01-16T13:03:32.105,1768536212,76.55
2026-01-16T13:03:32.605,1768536212,76.55
2026-01-16T13:03:33.105,1768536213,76.55
2026-01-16T13:03:33.606,1768536213,76
2026-01-16T13:03:34.106,1768536214,77.1
2026-01-16T13:03:34.606,1768536214,75.45
2026-01-16T13:03:35.106,1768536215,75.45
2026-01-16T13:03:35.606,1768536215,76.55
2026-01-16T13:03:36.116,1768536216,76
2026-01-16T13:03:36.616,1768536216,77.1
2026-01-16T13:03:37.116,1768536217,77.1
2026-01-16T13:03:37.617,1768536217,75.45
2026-01-16T13:03:38.117,1768536218,76.55
2026-01-16T13:03:38.617,1768536218,76.55
2026-01-16T13:03:39.117,1768536219,76
2026-01-16T13:03:39.617,1768536219,77.1
2026-01-16T13:03:40.117,1768536220,77.1
2026-01-16T13:03:40.617,1768536220,75.45
2026-01-16T13:03:41.127,1768536221,77.1
2026-01-16T13:03:41.627,1768536221,77.1
2026-01-16T13:03:42.127,1768536222,77.65
2026-01-16T13:03:42.627,1768536222,77.1
2026-01-16T13:03:43.127,1768536223,76
2026-01-16T13:03:43.627,1768536223,76
2026-01-16T13:03:44.127,1768536224,77.1
2026-01-16T13:03:44.628,1768536224,77.1
2026-01-16T13:03:45.128,1768536225,75.45
2026-01-16T13:03:45.628,1768536225,75.45
2026-01-16T13:03:46.135,1768536226,74.9
2026-01-16T13:03:46.635,1768536226,77.1
2026-01-16T13:03:47.135,1768536227,77.1
2026-01-16T13:03:47.635,1768536227,77.65
2026-01-16T13:03:48.135,1768536228,75.45
2026-01-16T13:03:48.635,1768536228,77.1
2026-01-16T13:03:49.135,1768536229,77.1
2026-01-16T13:03:49.635,1768536229,77.1
2026-01-16T13:03:50.136,1768536230,76
2026-01-16T13:03:50.636,1768536230,77.1
2026-01-16T13:03:51.136,1768536231,76.55
2026-01-16T13:03:51.636,1768536231,76
2026-01-16T13:03:52.136,1768536232,77.1
2026-01-16T13:03:52.636,1768536232,77.1
2026-01-16T13:03:53.136,1768536233,76
2026-01-16T13:03:53.637,1768536233,76
2026-01-16T13:03:54.137,1768536234,75.45
2026-01-16T13:03:54.637,1768536234,77.1
2026-01-16T13:03:55.137,1768536235,76.55
2026-01-16T13:03:55.637,1768536235,76
2026-01-16T13:03:56.137,1768536236,76
2026-01-16T13:03:56.637,1768536236,76
2026-01-16T13:03:57.138,1768536237,77.1
2026-01-16T13:03:57.638,1768536237,77.1
2026-01-16T13:03:58.138,1768536238,77.1
2026-01-16T13:03:58.638,1768536238,77.65
2026-01-16T13:03:59.138,1768536239,76.55
2026-01-16T13:03:59.638,1768536239,75.45
2026-01-16T13:04:00.138,1768536240,77.1
2026-01-16T13:04:00.638,1768536240,76
2026-01-16T13:04:01.139,1768536241,77.1
2026-01-16T13:04:01.639,1768536241,76
2026-01-16T13:04:02.139,1768536242,76.55
2026-01-16T13:04:02.639,1768536242,77.1
2026-01-16T13:04:03.139,1768536243,76.55
2026-01-16T13:04:03.639,1768536243,76
2026-01-16T13:04:04.139,1768536244,76.55
2026-01-16T13:04:04.639,1768536244,77.1
2026-01-16T13:04:05.139,1768536245,76
2026-01-16T13:04:05.640,1768536245,77.1
2026-01-16T13:04:06.140,1768536246,77.1
2026-01-16T13:04:06.640,1768536246,76.55
2026-01-16T13:04:07.140,1768536247,77.1
2026-01-16T13:04:07.649,1768536247,77.65
2026-01-16T13:04:08.150,1768536248,77.65
2026-01-16T13:04:08.650,1768536248,77.1
2026-01-16T13:04:09.150,1768536249,77.1
2026-01-16T13:04:09.650,1768536249,77.1
2026-01-16T13:04:10.150,1768536250,77.1
2026-01-16T13:04:10.650,1768536250,77.1
2026-01-16T13:04:11.150,1768536251,77.1
2026-01-16T13:04:11.650,1768536251,77.1
2026-01-16T13:04:12.151,1768536252,77.1
2026-01-16T13:04:12.660,1768536252,77.1
2026-01-16T13:04:13.160,1768536253,77.1
2026-01-16T13:04:13.660,1768536253,77.65
2026-01-16T13:04:14.160,1768536254,77.1
2026-01-16T13:04:14.661,1768536254,76.55
2026-01-16T13:04:15.161,1768536255,77.1
2026-01-16T13:04:15.661,1768536255,76.55
2026-01-16T13:04:16.161,1768536256,77.1
2026-01-16T13:04:16.661,1768536256,75.45
2026-01-16T13:04:17.161,1768536257,77.1
2026-01-16T13:04:17.670,1768536257,75.45
2026-01-16T13:04:18.170,1768536258,75.45
2026-01-16T13:04:18.670,1768536258,75.45
2026-01-16T13:04:19.170,1768536259,76
2026-01-16T13:04:19.670,1768536259,77.1
2026-01-16T13:04:20.170,1768536260,77.1
2026-01-16T13:04:20.670,1768536260,77.1
2026-01-16T13:04:21.170,1768536261,77.65
2026-01-16T13:04:21.671,1768536261,75.45
2026-01-16T13:04:22.171,1768536262,77.1
2026-01-16T13:04:22.678,1768536262,77.1
2026-01-16T13:04:23.178,1768536263,76
2026-01-16T13:04:23.678,1768536263,76.55
2026-01-16T13:04:24.178,1768536264,76
2026-01-16T13:04:24.678,1768536264,77.65
2026-01-16T13:04:25.178,1768536265,76.55
2026-01-16T13:04:25.678,1768536265,76.55
2026-01-16T13:04:26.178,1768536266,77.1
2026-01-16T13:04:26.679,1768536266,77.65
2026-01-16T13:04:27.179,1768536267,76
2026-01-16T13:04:27.688,1768536267,77.1
2026-01-16T13:04:28.188,1768536268,77.1
2026-01-16T13:04:28.688,1768536268,76.55
2026-01-16T13:04:29.188,1768536269,77.1
2026-01-16T13:04:29.688,1768536269,76
2026-01-16T13:04:30.188,1768536270,76
2026-01-16T13:04:30.688,1768536270,76.55
2026-01-16T13:04:31.188,1768536271,76
2026-01-16T13:04:31.689,1768536271,76
2026-01-16T13:04:32.189,1768536272,76
2026-01-16T13:04:32.692,1768536272,77.65
2026-01-16T13:04:33.192,1768536273,77.65
2026-01-16T13:04:33.692,1768536273,77.1
2026-01-16T13:04:34.193,1768536274,77.1
2026-01-16T13:04:34.693,1768536274,77.65
2026-01-16T13:04:35.193,1768536275,77.1
2026-01-16T13:04:35.693,1768536275,76.55
2026-01-16T13:04:36.193,1768536276,77.1
2026-01-16T13:04:36.693,1768536276,77.1
2026-01-16T13:04:37.193,1768536277,77.65
2026-01-16T13:04:37.693,1768536277,77.65
2026-01-16T13:04:38.204,1768536278,76
2026-01-16T13:04:38.704,1768536278,78.2
2026-01-16T13:04:39.204,1768536279,77.1
2026-01-16T13:04:39.704,1768536279,77.65
2026-01-16T13:04:40.204,1768536280,76
2026-01-16T13:04:40.704,1768536280,77.1
2026-01-16T13:04:41.204,1768536281,77.1
2026-01-16T13:04:41.704,1768536281,76
2026-01-16T13:04:42.204,1768536282,76.55
2026-01-16T13:04:42.705,1768536282,76
2026-01-16T13:04:43.212,1768536283,76
2026-01-16T13:04:43.712,1768536283,76
2026-01-16T13:04:44.212,1768536284,77.1
2026-01-16T13:04:44.712,1768536284,77.1
2026-01-16T13:04:45.212,1768536285,76
2026-01-16T13:04:45.712,1768536285,76.55
2026-01-16T13:04:46.213,1768536286,77.1
2026-01-16T13:04:46.713,1768536286,78.2
2026-01-16T13:04:47.213,1768536287,77.1
2026-01-16T13:04:47.713,1768536287,77.1
2026-01-16T13:04:48.220,1768536288,76.55
2026-01-16T13:04:48.720,1768536288,75.45
2026-01-16T13:04:49.220,1768536289,77.65
2026-01-16T13:04:49.721,1768536289,76
2026-01-16T13:04:50.221,1768536290,77.65
2026-01-16T13:04:50.721,1768536290,76.55
2026-01-16T13:04:51.221,1768536291,77.65
2026-01-16T13:04:51.721,1768536291,76
2026-01-16T13:04:52.221,1768536292,77.1
2026-01-16T13:04:52.721,1768536292,77.1
2026-01-16T13:04:53.229,1768536293,76
2026-01-16T13:04:53.729,1768536293,77.1
2026-01-16T13:04:54.229,1768536294,76
2026-01-16T13:04:54.729,1768536294,77.1
2026-01-16T13:04:55.229,1768536295,78.2
2026-01-16T13:04:55.729,1768536295,77.1
2026-01-16T13:04:56.230,1768536296,76
2026-01-16T13:04:56.730,1768536296,77.1
2026-01-16T13:04:57.230,1768536297,77.1
2026-01-16T13:04:57.730,1768536297,76.55
2026-01-16T13:04:58.237,1768536298,77.65
2026-01-16T13:04:58.737,1768536298,75.45
2026-01-16T13:04:59.237,1768536299,76
2026-01-16T13:04:59.737,1768536299,77.1
2026-01-16T13:05:00.237,1768536300,77.65
2026-01-16T13:05:00.738,1768536300,76.55
2026-01-16T13:05:01.238,1768536301,77.1
2026-01-16T13:05:01.738,1768536301,76
2026-01-16T13:05:02.238,1768536302,76.55
2026-01-16T13:05:02.738,1768536302,76.55
2026-01-16T13:05:03.238,1768536303,76.55
2026-01-16T13:05:03.738,1768536303,77.65
2026-01-16T13:05:04.238,1768536304,77.1
2026-01-16T13:05:04.738,1768536304,77.65
2026-01-16T13:05:05.239,1768536305,76
2026-01-16T13:05:05.739,1768536305,76
2026-01-16T13:05:06.239,1768536306,77.1
2026-01-16T13:05:06.739,1768536306,76.55
2026-01-16T13:05:07.239,1768536307,76
2026-01-16T13:05:07.749,1768536307,76.55
2026-01-16T13:05:08.249,1768536308,77.65
2026-01-16T13:05:08.750,1768536308,77.1
2026-01-16T13:05:09.250,1768536309,77.1
2026-01-16T13:05:09.750,1768536309,77.1
2026-01-16T13:05:10.250,1768536310,76
2026-01-16T13:05:10.750,1768536310,77.65
2026-01-16T13:05:11.250,1768536311,76
2026-01-16T13:05:11.750,1768536311,77.65
2026-01-16T13:05:12.251,1768536312,77.1
2026-01-16T13:05:12.760,1768536312,77.65
2026-01-16T13:05:13.260,1768536313,77.65
2026-01-16T13:05:13.760,1768536313,77.1
2026-01-16T13:05:14.260,1768536314,76.55
2026-01-16T13:05:14.760,1768536314,77.65
2026-01-16T13:05:15.260,1768536315,76
2026-01-16T13:05:15.760,1768536315,77.65
2026-01-16T13:05:16.261,1768536316,77.65
2026-01-16T13:05:16.761,1768536316,76
2026-01-16T13:05:17.261,1768536317,77.65
2026-01-16T13:05:17.761,1768536317,77.1
2026-01-16T13:05:18.261,1768536318,77.65
2026-01-16T13:05:18.761,1768536318,77.65
2026-01-16T13:05:19.261,1768536319,77.1
2026-01-16T13:05:19.762,1768536319,77.1
2026-01-16T13:05:20.262,1768536320,77.1
2026-01-16T13:05:20.762,1768536320,77.65
2026-01-16T13:05:21.262,1768536321,76
2026-01-16T13:05:21.762,1768536321,77.65
2026-01-16T13:05:22.262,1768536322,77.65
2026-01-16T13:05:22.762,1768536322,76.55
2026-01-16T13:05:23.262,1768536323,77.65
2026-01-16T13:05:23.763,1768536323,77.1
2026-01-16T13:05:24.263,1768536324,76.55
2026-01-16T13:05:24.763,1768536324,77.65
2026-01-16T13:05:25.263,1768536325,77.65
2026-01-16T13:05:25.763,1768536325,77.65
2026-01-16T13:05:26.263,1768536326,77.65
2026-01-16T13:05:26.763,1768536326,77.65
2026-01-16T13:05:27.263,1768536327,77.65
2026-01-16T13:05:27.763,1768536327,78.2
2026-01-16T13:05:28.263,1768536328,76.55
2026-01-16T13:05:28.764,1768536328,75.45
2026-01-16T13:05:29.264,1768536329,77.65
2026-01-16T13:05:29.764,1768536329,77.1
2026-01-16T13:05:30.264,1768536330,76.55
2026-01-16T13:05:30.764,1768536330,77.65
2026-01-16T13:05:31.264,1768536331,76.55
2026-01-16T13:05:31.765,1768536331,77.65
2026-01-16T13:05:32.265,1768536332,76
2026-01-16T13:05:32.765,1768536332,77.1
2026-01-16T13:05:33.265,1768536333,77.1
2026-01-16T13:05:33.765,1768536333,77.1
2026-01-16T13:05:34.265,1768536334,77.1
2026-01-16T13:05:34.765,1768536334,77.65
2026-01-16T13:05:35.266,1768536335,77.65
2026-01-16T13:05:35.766,1768536335,76.55
2026-01-16T13:05:36.266,1768536336,77.65
2026-01-16T13:05:36.766,1768536336,77.1
2026-01-16T13:05:37.266,1768536337,77.65
2026-01-16T13:05:37.766,1768536337,76.55
2026-01-16T13:05:38.266,1768536338,77.1
2026-01-16T13:05:38.767,1768536338,77.65
2026-01-16T13:05:39.267,1768536339,77.65
2026-01-16T13:05:39.775,1768536339,77.1
2026-01-16T13:05:40.275,1768536340,78.2
2026-01-16T13:05:40.776,1768536340,76.55
2026-01-16T13:05:41.276,1768536341,78.2
2026-01-16T13:05:41.776,1768536341,77.1
2026-01-16T13:05:42.276,1768536342,77.1
2026-01-16T13:05:42.776,1768536342,77.65
2026-01-16T13:05:43.276,1768536343,77.1
2026-01-16T13:05:43.776,1768536343,78.2
2026-01-16T13:05:44.276,1768536344,76.55
2026-01-16T13:05:44.787,1768536344,77.65
2026-01-16T13:05:45.287,1768536345,77.1
2026-01-16T13:05:45.787,1768536345,77.65
2026-01-16T13:05:46.288,1768536346,76.55
2026-01-16T13:05:46.788,1768536346,76
2026-01-16T13:05:47.288,1768536347,76.55
2026-01-16T13:05:47.788,1768536347,77.65
2026-01-16T13:05:48.288,1768536348,76
2026-01-16T13:05:48.788,1768536348,77.65
2026-01-16T13:05:49.288,1768536349,77.65
2026-01-16T13:05:49.797,1768536349,76
2026-01-16T13:05:50.298,1768536350,76.55
2026-01-16T13:05:50.798,1768536350,77.1
2026-01-16T13:05:51.298,1768536351,77.1
2026-01-16T13:05:51.798,1768536351,77.65
2026-01-16T13:05:52.298,1768536352,77.65
2026-01-16T13:05:52.798,1768536352,77.65
2026-01-16T13:05:53.298,1768536353,77.65
2026-01-16T13:05:53.798,1768536353,77.1
2026-01-16T13:05:54.299,1768536354,76.55
2026-01-16T13:05:54.806,1768536354,77.1
2026-01-16T13:05:55.306,1768536355,78.2
2026-01-16T13:05:55.806,1768536355,77.65
2026-01-16T13:05:56.306,1768536356,76.55
2026-01-16T13:05:56.807,1768536356,77.1
2026-01-16T13:05:57.307,1768536357,77.65
2026-01-16T13:05:57.807,1768536357,78.2
2026-01-16T13:05:58.307,1768536358,78.2
2026-01-16T13:05:58.807,1768536358,77.65
2026-01-16T13:05:59.307,1768536359,76
2026-01-16T13:05:59.807,1768536359,77.65
2026-01-16T13:06:00.308,1768536360,77.65
2026-01-16T13:06:00.808,1768536360,78.2
2026-01-16T13:06:01.308,1768536361,77.65
2026-01-16T13:06:01.808,1768536361,76.55
2026-01-16T13:06:02.308,1768536362,78.2
2026-01-16T13:06:02.808,1768536362,77.65
2026-01-16T13:06:03.308,1768536363,77.65
2026-01-16T13:06:03.808,1768536363,76.55
2026-01-16T13:06:04.308,1768536364,77.65
2026-01-16T13:06:04.809,1768536364,76.55
2026-01-16T13:06:05.309,1768536365,77.65
2026-01-16T13:06:05.809,1768536365,77.65
2026-01-16T13:06:06.309,1768536366,77.65
2026-01-16T13:06:06.809,1768536366,76.55
2026-01-16T13:06:07.309,1768536367,76.55
2026-01-16T13:06:07.809,1768536367,77.1
2026-01-16T13:06:08.309,1768536368,78.2
2026-01-16T13:06:08.809,1768536368,77.1
2026-01-16T13:06:09.310,1768536369,77.65
2026-01-16T13:06:09.810,1768536369,77.65
2026-01-16T13:06:10.310,1768536370,77.65
2026-01-16T13:06:10.819,1768536370,78.2
2026-01-16T13:06:11.320,1768536371,77.65
2026-01-16T13:06:11.820,1768536371,77.1
2026-01-16T13:06:12.320,1768536372,76
2026-01-16T13:06:12.820,1768536372,78.2
2026-01-16T13:06:13.320,1768536373,77.65
2026-01-16T13:06:13.820,1768536373,77.65
2026-01-16T13:06:14.320,1768536374,77.65
2026-01-16T13:06:14.820,1768536374,78.2
2026-01-16T13:06:15.321,1768536375,76.55
2026-01-16T13:06:15.830,1768536375,77.65
2026-01-16T13:06:16.330,1768536376,76.55
2026-01-16T13:06:16.830,1768536376,77.1
2026-01-16T13:06:17.330,1768536377,78.2
2026-01-16T13:06:17.830,1768536377,78.2
2026-01-16T13:06:18.331,1768536378,78.2
2026-01-16T13:06:18.831,1768536378,77.1
2026-01-16T13:06:19.331,1768536379,77.65
2026-01-16T13:06:19.831,1768536379,77.65
2026-01-16T13:06:20.331,1768536380,78.2
2026-01-16T13:06:20.840,1768536380,76.55
2026-01-16T13:06:21.340,1768536381,78.2
2026-01-16T13:06:21.841,1768536381,78.2
2026-01-16T13:06:22.341,1768536382,77.65
2026-01-16T13:06:22.841,1768536382,76.55
2026-01-16T13:06:23.341,1768536383,77.65
2026-01-16T13:06:23.841,1768536383,77.65
2026-01-16T13:06:24.341,1768536384,77.1
2026-01-16T13:06:24.841,1768536384,77.65
2026-01-16T13:06:25.341,1768536385,77.65
2026-01-16T13:06:25.850,1768536385,77.65
2026-01-16T13:06:26.350,1768536386,77.1
2026-01-16T13:06:26.850,1768536386,76.55
2026-01-16T13:06:27.351,1768536387,78.2
2026-01-16T13:06:27.851,1768536387,77.1
2026-01-16T13:06:28.351,1768536388,76.55
2026-01-16T13:06:28.851,1768536388,77.1
2026-01-16T13:06:29.351,1768536389,78.75
2026-01-16T13:06:29.851,1768536389,77.65
2026-01-16T13:06:30.351,1768536390,76.55
2026-01-16T13:06:30.861,1768536390,77.65
2026-01-16T13:06:31.361,1768536391,77.1
2026-01-16T13:06:31.861,1768536391,76
2026-01-16T13:06:32.361,1768536392,76.55
2026-01-16T13:06:32.861,1768536392,77.1
2026-01-16T13:06:33.361,1768536393,77.1
2026-01-16T13:06:33.862,1768536393,77.65
2026-01-16T13:06:34.362,1768536394,77.1
2026-01-16T13:06:34.862,1768536394,77.1
2026-01-16T13:06:35.362,1768536395,77.65
2026-01-16T13:06:35.870,1768536395,78.2
2026-01-16T13:06:36.371,1768536396,77.1
2026-01-16T13:06:36.871,1768536396,76.55
2026-01-16T13:06:37.371,1768536397,78.75
2026-01-16T13:06:37.871,1768536397,78.2
2026-01-16T13:06:38.371,1768536398,77.65
2026-01-16T13:06:38.871,1768536398,78.2
2026-01-16T13:06:39.371,1768536399,77.65
2026-01-16T13:06:39.871,1768536399,77.65
2026-01-16T13:06:40.372,1768536400,76.55
2026-01-16T13:06:40.872,1768536400,76.55
2026-01-16T13:06:41.372,1768536401,77.65
2026-01-16T13:06:41.872,1768536401,76.55
2026-01-16T13:06:42.372,1768536402,77.65
2026-01-16T13:06:42.872,1768536402,78.2
2026-01-16T13:06:43.372,1768536403,77.1
2026-01-16T13:06:43.872,1768536403,78.2
2026-01-16T13:06:44.372,1768536404,78.2
2026-01-16T13:06:44.873,1768536404,77.65
2026-01-16T13:06:45.373,1768536405,77.65
2026-01-16T13:06:45.873,1768536405,77.65
2026-01-16T13:06:46.373,1768536406,77.65
2026-01-16T13:06:46.873,1768536406,76.55
2026-01-16T13:06:47.373,1768536407,77.65
2026-01-16T13:06:47.873,1768536407,77.65
2026-01-16T13:06:48.373,1768536408,78.2
2026-01-16T13:06:48.874,1768536408,77.65
2026-01-16T13:06:49.374,1768536409,76.55
2026-01-16T13:06:49.874,1768536409,78.2
2026-01-16T13:06:50.374,1768536410,77.1
2026-01-16T13:06:50.874,1768536410,78.2
2026-01-16T13:06:51.374,1768536411,77.1
2026-01-16T13:06:51.874,1768536411,78.2
2026-01-16T13:06:52.374,1768536412,78.2
2026-01-16T13:06:52.875,1768536412,77.65
2026-01-16T13:06:53.375,1768536413,77.65
2026-01-16T13:06:53.875,1768536413,78.2
2026-01-16T13:06:54.375,1768536414,77.65
2026-01-16T13:06:54.875,1768536414,78.2
2026-01-16T13:06:55.375,1768536415,78.2
2026-01-16T13:06:55.875,1768536415,78.2
2026-01-16T13:06:56.376,1768536416,78.2
2026-01-16T13:06:56.876,1768536416,77.1
2026-01-16T13:06:57.376,1768536417,77.65
2026-01-16T13:06:57.876,1768536417,77.65
2026-01-16T13:06:58.376,1768536418,78.75
2026-01-16T13:06:58.876,1768536418,77.65
2026-01-16T13:06:59.376,1768536419,77.1
2026-01-16T13:06:59.877,1768536419,78.2
2026-01-16T13:07:00.377,1768536420,78.2
2026-01-16T13:07:00.877,1768536420,77.65
2026-01-16T13:07:01.377,1768536421,77.65
2026-01-16T13:07:01.877,1768536421,78.2
2026-01-16T13:07:02.377,1768536422,77.65
2026-01-16T13:07:02.877,1768536422,76.55
2026-01-16T13:07:03.377,1768536423,77.65
2026-01-16T13:07:03.877,1768536423,77.65
2026-01-16T13:07:04.378,1768536424,76.55
2026-01-16T13:07:04.878,1768536424,78.2
2026-01-16T13:07:05.378,1768536425,76.55
2026-01-16T13:07:05.878,1768536425,77.65
2026-01-16T13:07:06.378,1768536426,78.2
2026-01-16T13:07:06.878,1768536426,78.2
2026-01-16T13:07:07.378,1768536427,78.2
2026-01-16T13:07:07.878,1768536427,77.1
2026-01-16T13:07:08.378,1768536428,78.75
2026-01-16T13:07:08.879,1768536428,76.55
2026-01-16T13:07:09.379,1768536429,77.65
2026-01-16T13:07:09.879,1768536429,77.65
2026-01-16T13:07:10.379,1768536430,78.2
2026-01-16T13:07:10.879,1768536430,77.65
2026-01-16T13:07:11.379,1768536431,77.1
2026-01-16T13:07:11.879,1768536431,78.2
2026-01-16T13:07:12.379,1768536432,76.55
2026-01-16T13:07:12.880,1768536432,77.1
2026-01-16T13:07:13.380,1768536433,78.2
2026-01-16T13:07:13.886,1768536433,78.2
2026-01-16T13:07:14.387,1768536434,78.2
2026-01-16T13:07:14.887,1768536434,77.65
2026-01-16T13:07:15.387,1768536435,78.2
2026-01-16T13:07:15.887,1768536435,77.1
2026-01-16T13:07:16.387,1768536436,77.1
2026-01-16T13:07:16.887,1768536436,77.1
2026-01-16T13:07:17.387,1768536437,78.75
2026-01-16T13:07:17.888,1768536437,77.65
2026-01-16T13:07:18.388,1768536438,78.75
2026-01-16T13:07:18.897,1768536438,77.65
2026-01-16T13:07:19.397,1768536439,77.65
2026-01-16T13:07:19.897,1768536439,78.75
2026-01-16T13:07:20.397,1768536440,78.2
2026-01-16T13:07:20.898,1768536440,78.2
2026-01-16T13:07:21.398,1768536441,78.75
2026-01-16T13:07:21.898,1768536441,77.65
2026-01-16T13:07:22.398,1768536442,78.75
2026-01-16T13:07:22.900,1768536442,78.75
2026-01-16T13:07:23.400,1768536443,78.75
2026-01-16T13:07:23.900,1768536443,76.55
2026-01-16T13:07:24.400,1768536444,78.2
2026-01-16T13:07:24.900,1768536444,76.55
2026-01-16T13:07:25.401,1768536445,77.65
2026-01-16T13:07:25.901,1768536445,77.65
2026-01-16T13:07:26.401,1768536446,77.1
2026-01-16T13:07:26.901,1768536446,78.2
2026-01-16T13:07:27.401,1768536447,78.2
2026-01-16T13:07:27.901,1768536447,78.2
2026-01-16T13:07:28.401,1768536448,79.3
2026-01-16T13:07:28.901,1768536448,78.2
2026-01-16T13:07:29.401,1768536449,78.75
2026-01-16T13:07:29.902,1768536449,78.2
2026-01-16T13:07:30.402,1768536450,77.65
2026-01-16T13:07:30.902,1768536450,77.65
2026-01-16T13:07:31.402,1768536451,78.75
2026-01-16T13:07:31.902,1768536451,78.2
2026-01-16T13:07:32.402,1768536452,78.2
2026-01-16T13:07:32.902,1768536452,77.1
2026-01-16T13:07:33.403,1768536453,78.2
2026-01-16T13:07:33.903,1768536453,78.2
2026-01-16T13:07:34.403,1768536454,77.1
2026-01-16T13:07:34.903,1768536454,77.1
2026-01-16T13:07:35.403,1768536455,78.75
2026-01-16T13:07:35.903,1768536455,78.75
2026-01-16T13:07:36.404,1768536456,77.1
2026-01-16T13:07:36.904,1768536456,77.1
2026-01-16T13:07:37.404,1768536457,78.75
2026-01-16T13:07:37.904,1768536457,77.65
2026-01-16T13:07:38.404,1768536458,78.2
2026-01-16T13:07:38.904,1768536458,78.2
2026-01-16T13:07:39.404,1768536459,77.1
2026-01-16T13:07:39.904,1768536459,77.65
2026-01-16T13:07:40.405,1768536460,78.75
2026-01-16T13:07:40.905,1768536460,78.75
2026-01-16T13:07:41.405,1768536461,78.75
2026-01-16T13:07:41.905,1768536461,77.1
2026-01-16T13:07:42.405,1768536462,78.2
2026-01-16T13:07:42.905,1768536462,76.55
2026-01-16T13:07:43.405,1768536463,78.2
2026-01-16T13:07:43.905,1768536463,77.65
2026-01-16T13:07:44.406,1768536464,78.2
2026-01-16T13:07:44.906,1768536464,77.65
2026-01-16T13:07:45.406,1768536465,77.1
2026-01-16T13:07:45.914,1768536465,76.55
2026-01-16T13:07:46.414,1768536466,77.1
2026-01-16T13:07:46.914,1768536466,77.1
2026-01-16T13:07:47.414,1768536467,78.2
2026-01-16T13:07:47.915,1768536467,78.2
2026-01-16T13:07:48.415,1768536468,77.1
2026-01-16T13:07:48.915,1768536468,76.55
2026-01-16T13:07:49.415,1768536469,77.65
2026-01-16T13:07:49.915,1768536469,77.1
2026-01-16T13:07:50.415,1768536470,77.65
2026-01-16T13:07:50.924,1768536470,78.2
2026-01-16T13:07:51.424,1768536471,78.75
2026-01-16T13:07:51.924,1768536471,78.75
2026-01-16T13:07:52.425,1768536472,77.1
2026-01-16T13:07:52.925,1768536472,77.1
2026-01-16T13:07:53.425,1768536473,77.1
2026-01-16T13:07:53.925,1768536473,78.2
2026-01-16T13:07:54.425,1768536474,78.2
2026-01-16T13:07:54.925,1768536474,78.2
2026-01-16T13:07:55.425,1768536475,77.1
2026-01-16T13:07:55.934,1768536475,78.2
2026-01-16T13:07:56.435,1768536476,78.2
2026-01-16T13:07:56.935,1768536476,77.1
2026-01-16T13:07:57.435,1768536477,78.2
2026-01-16T13:07:57.935,1768536477,77.65
2026-01-16T13:07:58.435,1768536478,78.75
2026-01-16T13:07:58.935,1768536478,76.55
2026-01-16T13:07:59.435,1768536479,78.2
2026-01-16T13:07:59.935,1768536479,77.1
2026-01-16T13:08:00.436,1768536480,78.2
2026-01-16T13:08:00.947,1768536480,77.1
2026-01-16T13:08:01.448,1768536481,78.75
2026-01-16T13:08:01.948,1768536481,78.75
2026-01-16T13:08:02.448,1768536482,78.75
2026-01-16T13:08:02.948,1768536482,77.1
2026-01-16T13:08:03.448,1768536483,78.2
2026-01-16T13:08:03.948,1768536483,78.2
2026-01-16T13:08:04.448,1768536484,78.2
2026-01-16T13:08:04.948,1768536484,78.75
2026-01-16T13:08:05.448,1768536485,77.65
2026-01-16T13:08:05.956,1768536485,78.75
2026-01-16T13:08:06.456,1768536486,78.75
2026-01-16T13:08:06.956,1768536486,78.75
2026-01-16T13:08:07.456,1768536487,78.2
2026-01-16T13:08:07.957,1768536487,77.65
2026-01-16T13:08:08.457,1768536488,77.65
2026-01-16T13:08:08.957,1768536488,78.2
2026-01-16T13:08:09.457,1768536489,77.1
2026-01-16T13:08:09.957,1768536489,78.75
2026-01-16T13:08:10.457,1768536490,78.2
2026-01-16T13:08:10.957,1768536490,79.3
2026-01-16T13:08:11.457,1768536491,78.2
2026-01-16T13:08:11.958,1768536491,78.75
2026-01-16T13:08:12.458,1768536492,77.1
2026-01-16T13:08:12.958,1768536492,78.2
2026-01-16T13:08:13.458,1768536493,78.75
2026-01-16T13:08:13.958,1768536493,77.65
2026-01-16T13:08:14.458,1768536494,78.75
2026-01-16T13:08:14.958,1768536494,78.2
2026-01-16T13:08:15.459,1768536495,78.75
2026-01-16T13:08:15.959,1768536495,80.4
2026-01-16T13:08:16.466,1768536496,78.75
2026-01-16T13:08:16.967,1768536496,77.65
2026-01-16T13:08:17.467,1768536497,78.75
2026-01-16T13:08:17.967,1768536497,76.55
2026-01-16T13:08:18.467,1768536498,77.65
2026-01-16T13:08:18.967,1768536498,78.2
2026-01-16T13:08:19.467,1768536499,77.65
2026-01-16T13:08:19.967,1768536499,77.65
2026-01-16T13:08:20.468,1768536500,78.75
2026-01-16T13:08:20.968,1768536500,78.75
2026-01-16T13:08:21.479,1768536501,78.2
2026-01-16T13:08:21.979,1768536501,77.1
2026-01-16T13:08:22.479,1768536502,78.2
2026-01-16T13:08:22.979,1768536502,77.65
2026-01-16T13:08:23.479,1768536503,78.2
2026-01-16T13:08:23.979,1768536503,78.75
2026-01-16T13:08:24.479,1768536504,77.65
2026-01-16T13:08:24.979,1768536504,78.75
2026-01-16T13:08:25.480,1768536505,77.65
2026-01-16T13:08:25.980,1768536505,78.75
2026-01-16T13:08:26.487,1768536506,78.2
2026-01-16T13:08:26.987,1768536506,77.1
2026-01-16T13:08:27.487,1768536507,78.75
2026-01-16T13:08:27.987,1768536507,78.75
2026-01-16T13:08:28.487,1768536508,78.2
2026-01-16T13:08:28.987,1768536508,77.1
2026-01-16T13:08:29.487,1768536509,78.75
2026-01-16T13:08:29.987,1768536509,78.75
2026-01-16T13:08:30.492,1768536510,78.2
2026-01-16T13:08:30.992,1768536510,77.65
2026-01-16T13:08:31.508,1768536511,78.75
2026-01-16T13:08:32.008,1768536512,78.75
2026-01-16T13:08:32.508,1768536512,77.65
2026-01-16T13:08:33.009,1768536513,79.3
2026-01-16T13:08:33.509,1768536513,78.75
2026-01-16T13:08:34.009,1768536514,78.75
2026-01-16T13:08:34.509,1768536514,78.2
2026-01-16T13:08:35.009,1768536515,78.75
2026-01-16T13:08:35.512,1768536515,78.2
2026-01-16T13:08:36.012,1768536516,78.75
2026-01-16T13:08:36.524,1768536516,77.65
2026-01-16T13:08:37.024,1768536517,78.75
2026-01-16T13:08:37.524,1768536517,78.2
2026-01-16T13:08:38.025,1768536518,78.75
2026-01-16T13:08:38.525,1768536518,78.75
2026-01-16T13:08:39.025,1768536519,77.1
2026-01-16T13:08:39.525,1768536519,77.1
2026-01-16T13:08:40.025,1768536520,78.75
2026-01-16T13:08:40.525,1768536520,77.65
2026-01-16T13:08:41.025,1768536521,78.75
2026-01-16T13:08:41.532,1768536521,78.2
2026-01-16T13:08:42.032,1768536522,76.55
2026-01-16T13:08:42.532,1768536522,77.1
2026-01-16T13:08:43.033,1768536523,77.65
2026-01-16T13:08:43.533,1768536523,78.2
2026-01-16T13:08:44.033,1768536524,78.75
2026-01-16T13:08:44.533,1768536524,78.75
2026-01-16T13:08:45.033,1768536525,78.75
2026-01-16T13:08:45.533,1768536525,77.1
2026-01-16T13:08:46.033,1768536526,77.65
2026-01-16T13:08:46.543,1768536526,78.2
2026-01-16T13:08:47.043,1768536527,77.65
2026-01-16T13:08:47.543,1768536527,78.75
2026-01-16T13:08:48.043,1768536528,78.2
2026-01-16T13:08:48.543,1768536528,79.3
2026-01-16T13:08:49.043,1768536529,77.65
2026-01-16T13:08:49.543,1768536529,78.2
2026-01-16T13:08:50.043,1768536530,77.65
2026-01-16T13:08:50.543,1768536530,78.75
2026-01-16T13:08:51.044,1768536531,78.75
2026-01-16T13:08:51.544,1768536531,78.75
2026-01-16T13:08:52.044,1768536532,77.1
2026-01-16T13:08:52.544,1768536532,77.65
2026-01-16T13:08:53.044,1768536533,77.65
2026-01-16T13:08:53.544,1768536533,78.2
2026-01-16T13:08:54.044,1768536534,77.1
2026-01-16T13:08:54.545,1768536534,77.65
2026-01-16T13:08:55.045,1768536535,78.75
2026-01-16T13:08:55.545,1768536535,77.65
2026-01-16T13:08:56.045,1768536536,77.65
2026-01-16T13:08:56.545,1768536536,78.2
2026-01-16T13:08:57.045,1768536537,77.65
2026-01-16T13:08:57.546,1768536537,78.75
2026-01-16T13:08:58.046,1768536538,78.75
2026-01-16T13:08:58.546,1768536538,78.75
2026-01-16T13:08:59.046,1768536539,78.2
2026-01-16T13:08:59.546,1768536539,78.75
2026-01-16T13:09:00.046,1768536540,78.2
2026-01-16T13:09:00.546,1768536540,77.1
2026-01-16T13:09:01.047,1768536541,79.3
2026-01-16T13:09:01.547,1768536541,78.75
2026-01-16T13:09:02.047,1768536542,78.75
2026-01-16T13:09:02.548,1768536542,77.1
2026-01-16T13:09:03.048,1768536543,77.65
2026-01-16T13:09:03.548,1768536543,78.2
2026-01-16T13:09:04.048,1768536544,79.3
2026-01-16T13:09:04.549,1768536544,79.3
2026-01-16T13:09:05.049,1768536545,78.75
2026-01-16T13:09:05.549,1768536545,77.65
2026-01-16T13:09:06.049,1768536546,78.2
2026-01-16T13:09:06.549,1768536546,78.75
2026-01-16T13:09:07.049,1768536547,78.75
2026-01-16T13:09:07.549,1768536547,77.1
2026-01-16T13:09:08.049,1768536548,74.9
2026-01-16T13:09:08.550,1768536548,72.15
2026-01-16T13:09:09.050,1768536549,72.7
2026-01-16T13:09:09.550,1768536549,71.6
2026-01-16T13:09:10.050,1768536550,70.5
2026-01-16T13:09:10.550,1768536550,69.95
2026-01-16T13:09:11.050,1768536551,70.5
2026-01-16T13:09:11.550,1768536551,69.95
2026-01-16T13:09:12.050,1768536552,71.6
2026-01-16T13:09:12.550,1768536552,71.05
2026-01-16T13:09:13.050,1768536553,71.6
2026-01-16T13:09:13.551,1768536553,71.6
2026-01-16T13:09:14.051,1768536554,71.05
2026-01-16T13:09:14.551,1768536554,70.5
2026-01-16T13:09:15.051,1768536555,71.05
2026-01-16T13:09:15.551,1768536555,69.95
2026-01-16T13:09:16.051,1768536556,69.4
2026-01-16T13:09:16.551,1768536556,70.5
2026-01-16T13:09:17.051,1768536557,69.4
2026-01-16T13:09:17.551,1768536557,71.05
2026-01-16T13:09:18.051,1768536558,69.4
2026-01-16T13:09:18.551,1768536558,71.05
2026-01-16T13:09:19.060,1768536559,70.5
2026-01-16T13:09:19.560,1768536559,70.5
2026-01-16T13:09:20.061,1768536560,70.5
2026-01-16T13:09:20.561,1768536560,69.4
2026-01-16T13:09:21.061,1768536561,69.4
2026-01-16T13:09:21.561,1768536561,68.3
2026-01-16T13:09:22.061,1768536562,68.3
2026-01-16T13:09:22.561,1768536562,67.2
2026-01-16T13:09:23.061,1768536563,66.65
2026-01-16T13:09:23.561,1768536563,68.3
2026-01-16T13:09:24.070,1768536564,66.65
2026-01-16T13:09:24.570,1768536564,66.65
2026-01-16T13:09:25.070,1768536565,67.2
2026-01-16T13:09:25.570,1768536565,66.1
2026-01-16T13:09:26.070,1768536566,64.45
2026-01-16T13:09:26.571,1768536566,65.55
2026-01-16T13:09:27.071,1768536567,65.55
2026-01-16T13:09:27.571,1768536567,63.9
2026-01-16T13:09:28.071,1768536568,65.55
2026-01-16T13:09:28.571,1768536568,64.45
2026-01-16T13:09:29.080,1768536569,65
2026-01-16T13:09:29.580,1768536569,63.9
2026-01-16T13:09:30.080,1768536570,63.9
2026-01-16T13:09:30.580,1768536570,64.45
2026-01-16T13:09:31.081,1768536571,66.1
2026-01-16T13:09:31.581,1768536571,66.1
2026-01-16T13:09:32.081,1768536572,65.55
2026-01-16T13:09:32.581,1768536572,66.1
2026-01-16T13:09:33.081,1768536573,67.2
2026-01-16T13:09:33.581,1768536573,67.2
2026-01-16T13:09:34.081,1768536574,66.1
2026-01-16T13:09:34.581,1768536574,67.2
2026-01-16T13:09:35.082,1768536575,68.3
2026-01-16T13:09:35.582,1768536575,67.75
2026-01-16T13:09:36.082,1768536576,67.75
2026-01-16T13:09:36.582,1768536576,66.65
2026-01-16T13:09:37.082,1768536577,68.3
2026-01-16T13:09:37.582,1768536577,68.3
2026-01-16T13:09:38.082,1768536578,67.75
2026-01-16T13:09:38.582,1768536578,67.75
2026-01-16T13:09:39.082,1768536579,67.75
2026-01-16T13:09:39.582,1768536579,68.3
2026-01-16T13:09:40.083,1768536580,66.65
2026-01-16T13:09:40.583,1768536580,68.3
2026-01-16T13:09:41.083,1768536581,65
2026-01-16T13:09:41.583,1768536581,65.55
2026-01-16T13:09:42.083,1768536582,63.9
2026-01-16T13:09:42.583,1768536582,65.55
2026-01-16T13:09:43.083,1768536583,66.1
2026-01-16T13:09:43.583,1768536583,64.45
2026-01-16T13:09:44.083,1768536584,64.45
2026-01-16T13:09:44.583,1768536584,64.45
2026-01-16T13:09:45.092,1768536585,65
2026-01-16T13:09:45.592,1768536585,65.55
2026-01-16T13:09:46.093,1768536586,63.35
2026-01-16T13:09:46.593,1768536586,62.8
2026-01-16T13:09:47.093,1768536587,63.9
2026-01-16T13:09:47.593,1768536587,64.45
2026-01-16T13:09:48.093,1768536588,62.25
2026-01-16T13:09:48.593,1768536588,63.35
2026-01-16T13:09:49.093,1768536589,61.15
2026-01-16T13:09:49.593,1768536589,62.8
2026-01-16T13:09:50.102,1768536590,63.35
2026-01-16T13:09:50.602,1768536590,62.8
2026-01-16T13:09:51.102,1768536591,62.8
2026-01-16T13:09:51.602,1768536591,65.55
2026-01-16T13:09:52.102,1768536592,65.55
2026-01-16T13:09:52.602,1768536592,66.1
2026-01-16T13:09:53.102,1768536593,65.55
2026-01-16T13:09:53.602,1768536593,67.2
2026-01-16T13:09:54.103,1768536594,66.1
2026-01-16T13:09:54.603,1768536594,65.55
2026-01-16T13:09:55.109,1768536595,66.65
2026-01-16T13:09:55.610,1768536595,65
2026-01-16T13:09:56.110,1768536596,66.65
2026-01-16T13:09:56.610,1768536596,66.65
2026-01-16T13:09:57.110,1768536597,65.55
2026-01-16T13:09:57.610,1768536597,67.2
2026-01-16T13:09:58.110,1768536598,66.65
2026-01-16T13:09:58.610,1768536598,65.55
2026-01-16T13:09:59.110,1768536599,66.1
2026-01-16T13:09:59.610,1768536599,66.1
2026-01-16T13:10:00.117,1768536600,67.2
2026-01-16T13:10:00.617,1768536600,66.1
2026-01-16T13:10:01.117,1768536601,65.55
2026-01-16T13:10:01.617,1768536601,65
2026-01-16T13:10:02.117,1768536602,63.9
2026-01-16T13:10:02.618,1768536602,65
2026-01-16T13:10:03.118,1768536603,63.9
2026-01-16T13:10:03.618,1768536603,62.8
2026-01-16T13:10:04.118,1768536604,65
2026-01-16T13:10:04.618,1768536604,63.9
2026-01-16T13:10:05.118,1768536605,63.9
2026-01-16T13:10:05.618,1768536605,63.9
2026-01-16T13:10:06.118,1768536606,63.9
2026-01-16T13:10:06.618,1768536606,63.35
2026-01-16T13:10:07.118,1768536607,63.35
2026-01-16T13:10:07.618,1768536607,62.8
2026-01-16T13:10:08.119,1768536608,61.15
2026-01-16T13:10:08.619,1768536608,61.7
2026-01-16T13:10:09.119,1768536609,62.25
2026-01-16T13:10:09.619,1768536609,62.25
2026-01-16T13:10:10.119,1768536610,61.7
2026-01-16T13:10:10.619,1768536610,61.7
2026-01-16T13:10:11.119,1768536611,61.7
2026-01-16T13:10:11.619,1768536611,63.9
2026-01-16T13:10:12.119,1768536612,64.45
2026-01-16T13:10:12.619,1768536612,65
2026-01-16T13:10:13.120,1768536613,64.45
2026-01-16T13:10:13.620,1768536613,64.45
2026-01-16T13:10:14.120,1768536614,64.45
2026-01-16T13:10:14.620,1768536614,63.9
2026-01-16T13:10:15.120,1768536615,64.45
2026-01-16T13:10:15.620,1768536615,63.9
2026-01-16T13:10:16.120,1768536616,65
2026-01-16T13:10:16.620,1768536616,63.9
2026-01-16T13:10:17.120,1768536617,65
2026-01-16T13:10:17.621,1768536617,65
2026-01-16T13:10:18.121,1768536618,63.35
2026-01-16T13:10:18.621,1768536618,64.45
2026-01-16T13:10:19.121,1768536619,63.9
2026-01-16T13:10:19.621,1768536619,65
2026-01-16T13:10:20.121,1768536620,65
2026-01-16T13:10:20.621,1768536620,64.45
2026-01-16T13:10:21.121,1768536621,65
2026-01-16T13:10:21.621,1768536621,63.9
2026-01-16T13:10:22.121,1768536622,62.8
2026-01-16T13:10:22.621,1768536622,63.9
2026-01-16T13:10:23.122,1768536623,63.9
2026-01-16T13:10:23.622,1768536623,61.7
2026-01-16T13:10:24.122,1768536624,62.8
2026-01-16T13:10:24.622,1768536624,62.25
2026-01-16T13:10:25.122,1768536625,61.7
2026-01-16T13:10:25.622,1768536625,62.8
2026-01-16T13:10:26.122,1768536626,62.8
2026-01-16T13:10:26.622,1768536626,60.6
2026-01-16T13:10:27.122,1768536627,60.6
2026-01-16T13:10:27.622,1768536627,61.7
2026-01-16T13:10:28.122,1768536628,61.7
2026-01-16T13:10:28.622,1768536628,60.6
2026-01-16T13:10:29.123,1768536629,61.7
2026-01-16T13:10:29.623,1768536629,61.7
2026-01-16T13:10:30.123,1768536630,61.15
2026-01-16T13:10:30.623,1768536630,60.05
2026-01-16T13:10:31.123,1768536631,59.5
2026-01-16T13:10:31.623,1768536631,62.25
2026-01-16T13:10:32.123,1768536632,63.9
2026-01-16T13:10:32.623,1768536632,63.9
2026-01-16T13:10:33.123,1768536633,63.9
2026-01-16T13:10:33.623,1768536633,62.8
2026-01-16T13:10:34.124,1768536634,64.45
2026-01-16T13:10:34.624,1768536634,63.35
2026-01-16T13:10:35.124,1768536635,64.45
2026-01-16T13:10:35.624,1768536635,64.45
2026-01-16T13:10:36.124,1768536636,65
2026-01-16T13:10:36.624,1768536636,63.9
2026-01-16T13:10:37.124,1768536637,65
2026-01-16T13:10:37.624,1768536637,65.55
2026-01-16T13:10:38.124,1768536638,65
2026-01-16T13:10:38.624,1768536638,63.9
2026-01-16T13:10:39.124,1768536639,64.45
2026-01-16T13:10:39.624,1768536639,63.35
2026-01-16T13:10:40.125,1768536640,63.9
2026-01-16T13:10:40.625,1768536640,65.55
2026-01-16T13:10:41.125,1768536641,63.9
2026-01-16T13:10:41.625,1768536641,62.8
2026-01-16T13:10:42.125,1768536642,62.8
2026-01-16T13:10:42.625,1768536642,61.7
2026-01-16T13:10:43.125,1768536643,62.8
2026-01-16T13:10:43.625,1768536643,61.15
2026-01-16T13:10:44.125,1768536644,62.8
2026-01-16T13:10:44.625,1768536644,60.6
2026-01-16T13:10:45.125,1768536645,62.25
2026-01-16T13:10:45.626,1768536645,62.25
